{"6c40b96a422327753e94dd500869f08d":{"action":"update","file":"C:\\Users\\Admin\\Desktop\\kemri_nairobi-master\\kemri_nairobi-master\\status.json"},"3b8ed87fe87806ad26e70b47b90f3161":{"action":"update","file":"C:\\Users\\Admin\\Desktop\\kemri_nairobi-master\\kemri_nairobi-master"},"4068ca41f3b4fb0442d53866917843bc":{"action":"update","file":"C:\\Users\\Admin\\Desktop\\kemri_nairobi-master\\kemri_nairobi-master\\test.txt"},"11f5481752d063f86cca2d91eb346693":{"action":"update","file":"C:\\Users\\Admin\\Desktop\\kemri_nairobi-master\\kemri_nairobi-master\\storage\\logs\\laravel-2023-04-26.log"},"44a5da8f2cd212e84ecbdabe466ff9a1":{"action":"update","file":"C:\\Users\\Admin\\Desktop\\kemri_nairobi-master\\kemri_nairobi-master\\.git\\FETCH_HEAD"},"ac10d98ff819a01498c3122f90957ca3":{"action":"update","file":"C:\\Users\\Admin\\Desktop\\kemri_nairobi-master\\kemri_nairobi-master\\.git\\objects"},"3d980f8ba3196cf511678152dd5eedb2":{"action":"update","file":"C:\\Users\\Admin\\Desktop\\kemri_nairobi-master\\kemri_nairobi-master\\filemonitor.php"},"11e4b53240ee50157c0ddde2fd747b67":{"action":"update","file":"C:\\Users\\Admin\\Desktop\\kemri_nairobi-master\\kemri_nairobi-master\\ci\\scripts\\local\\routes\\stage.js"},"9b5e4d7c09a14974da88e8a9f1e76cc6":{"action":"update","file":"C:\\Users\\Admin\\Desktop\\kemri_nairobi-master\\kemri_nairobi-master\\ci\\scripts\\local\\utils\\index.js"},"bdf8c4d9993d1b1936e8825e2dd9a4f0":{"action":"update","file":"C:\\Users\\Admin\\Desktop\\kemri_nairobi-master\\kemri_nairobi-master\\resources\\views\\users\\user-activity.blade.php"}}