{"6c40b96a422327753e94dd500869f08d":{"action":"update","file":"C:\\Users\\Admin\\Desktop\\kemri_nairobi-master\\kemri_nairobi-master\\status.json"},"3b8ed87fe87806ad26e70b47b90f3161":{"action":"update","file":"C:\\Users\\Admin\\Desktop\\kemri_nairobi-master\\kemri_nairobi-master"},"4068ca41f3b4fb0442d53866917843bc":{"action":"update","file":"C:\\Users\\Admin\\Desktop\\kemri_nairobi-master\\kemri_nairobi-master\\test.txt"},"11f5481752d063f86cca2d91eb346693":{"action":"update","file":"C:\\Users\\Admin\\Desktop\\kemri_nairobi-master\\kemri_nairobi-master\\storage\\logs\\laravel-2023-04-26.log"},"44a5da8f2cd212e84ecbdabe466ff9a1":{"action":"update","file":"C:\\Users\\Admin\\Desktop\\kemri_nairobi-master\\kemri_nairobi-master\\.git\\FETCH_HEAD"},"ac10d98ff819a01498c3122f90957ca3":{"action":"update","file":"C:\\Users\\Admin\\Desktop\\kemri_nairobi-master\\kemri_nairobi-master\\.git\\objects"},"3d980f8ba3196cf511678152dd5eedb2":{"action":"update","file":"C:\\Users\\Admin\\Desktop\\kemri_nairobi-master\\kemri_nairobi-master\\filemonitor.php"},"11e4b53240ee50157c0ddde2fd747b67":{"action":"update","file":"C:\\Users\\Admin\\Desktop\\kemri_nairobi-master\\kemri_nairobi-master\\ci\\scripts\\local\\routes\\stage.js"},"9b5e4d7c09a14974da88e8a9f1e76cc6":{"action":"update","file":"C:\\Users\\Admin\\Desktop\\kemri_nairobi-master\\kemri_nairobi-master\\ci\\scripts\\local\\utils\\index.js"},"bdf8c4d9993d1b1936e8825e2dd9a4f0":{"action":"update","file":"C:\\Users\\Admin\\Desktop\\kemri_nairobi-master\\kemri_nairobi-master\\resources\\views\\users\\user-activity.blade.php"},"d7c083564c74b372a1e581a092ea06a5":{"action":"create","file":"C:\\Users\\Admin\\Desktop\\kemri_nairobi-master\\kemri_nairobi-master\\stages.zip"},"de1c5034b56fd151668753d3ecc8efa4":{"action":"create","file":"C:\\Users\\Admin\\Desktop\\kemri_nairobi-master\\kemri_nairobi-master\\stages"},"15e548ccad0f763671f596dac5bbaddc":{"action":"update","file":"C:\\Users\\Admin\\Desktop\\kemri_nairobi-master\\kemri_nairobi-master\\stages\\container.zip"},"5d2fe311ae8ef78eb4167d79d5f5000c":{"action":"update","file":"C:\\Users\\Admin\\Desktop\\kemri_nairobi-master\\kemri_nairobi-master\\routes\\api.php"},"28ff941d72231fbd03e121106e9645f7":{"action":"update","file":"C:\\Users\\Admin\\Desktop\\kemri_nairobi-master\\kemri_nairobi-master\\ci\\scripts\\local\\routes\\deploy.js"},"8134ddc051383e30f139a1bd9e301576":{"action":"update","file":"C:\\Users\\Admin\\Desktop\\kemri_nairobi-master\\kemri_nairobi-master\\release.notes.txt"},"ee17a27a723284547bf9bc81bd0aef8f":{"action":"update","file":"C:\\Users\\Admin\\Desktop\\kemri_nairobi-master\\kemri_nairobi-master\\composer.json"},"4e522c7b1fa4e644048e51ee10cae56a":{"action":"update","file":"C:\\Users\\Admin\\Desktop\\kemri_nairobi-master\\kemri_nairobi-master\\readme.md"},"c288d862711f5f6ce79e85c1dd673ed2":{"action":"update","file":"C:\\Users\\Admin\\Desktop\\kemri_nairobi-master\\kemri_nairobi-master\\resources\\views\\auth\\login.blade.php"}}